{"name":"894b677c-9911-4277-b4e8-209876aa5001","id":"/providers/Microsoft.Flow/flows/894b677c-9911-4277-b4e8-209876aa5001","type":"Microsoft.Flow/flows","properties":{"apiId":"/providers/Microsoft.PowerApps/apis/shared_logicflows","displayName":"Simple Secret-Key From Header","definition":{"metadata":{"workflowEntityId":null,"processAdvisorMetadata":null,"flowclientsuspensionreason":"None","flowclientsuspensiontime":null,"creator":{"id":"15cc8698-7fe6-4082-966b-4ffda92ff95a","type":"User","tenantId":"a05ab885-eff4-4944-a06b-ea2f1ef4de9d"},"provisioningMethod":"FromDefinition","failureAlertSubscription":true,"clientLastModifiedTime":"2021-09-19T14:04:47.4156034Z"},"$schema":"https://schema.management.azure.com/providers/Microsoft.Logic/schemas/2016-06-01/workflowdefinition.json#","contentVersion":"1.0.0.0","parameters":{"$authentication":{"defaultValue":{},"type":"SecureObject"}},"triggers":{"manual":{"type":"Request","kind":"Http","inputs":{"method":"GET","relativePath":"user/{userid}"}}},"actions":{"Get_Secret-Key_from_Header":{"runAfter":{},"type":"InitializeVariable","inputs":{"variables":[{"name":"SecretValue","type":"string","value":"@{triggerOutputs()['headers']['Secret-Key']}"}]}},"Condizione":{"actions":{"Authorized":{"runAfter":{},"type":"Response","kind":"Http","inputs":{"statusCode":200,"headers":{"Content-Type":"application/json"},"body":{"status":"ok","secret-key":"@variables('SecretValue')"}}}},"runAfter":{"Get_Secret-Key_from_Header":["Succeeded"]},"else":{"actions":{"Unauthorized":{"runAfter":{},"type":"Response","kind":"Http","inputs":{"statusCode":401,"headers":{"Content-Type":"application/json"},"body":{"status":"Unauthorized","message":" Secret-Key non è valido"}}}}},"expression":{"equals":["@variables('SecretValue')","dumbovola"]},"type":"If"}},"outputs":{}},"connectionReferences":{},"flowFailureAlertSubscribed":false}}